12270502,CUEVA FUENTES CINTHIA DELIA
12443643,LEE SERRANO ROSARIO
12858682,ZARATE PEREZ ALEXANDER
13219606,RODRIGUEZ MORENO BLANCA OFELIA
13628871,QUIROGA HERNANDEZ SILVANA ZKENIA
15029228,VALVERDE MAEIREIZO MELVIN JAIR
15115705,HERNANDEZ CORRALES GUILLERMO
15559308,BRAVO CORTES JANET FLOR
16136330,YEP PRECIADO RICHARD
16477908,BACA CAMACHO MILAGROS NATALIA
16925690,CABRERA TORO FANNY
19568447,VEGA SORIA HENRRY
19963454,SALAMANCA CABRERA NESTOR EVERT
21621497,AYALA CASTILLO ERICKA OFELIA
24859596,FLORIAN CUBA CHRISTIAN
25518120,RONDON CABRERA ALEXANDER ADOLFO
26522329,SANCHEZ DEL CASTILLO FIORELLA ROSARIO
27185429,SOLIS CHUNG ROLANDO
27268323,LOZADA IBEROS HELI BLANCA
27864822,FIGUEROA MEDINA MADELEINE
28820944,RIOS ZAMORA INES
29833157,HIJAR LAM MARTIN
29989682,CAMACHO PAIRAZAMAN YDALI LUCERO
30046639,SALAMANCA VEGA VIRGINIA MARTHA
30441350,RETAMOSO SALAMANCA DELIA MARITZA
31107104,MOSCOSO ARIAS FIORELLA
31205866,VIZCARRA MONTERO JAIR
32090869,SUELDO ANTEZANO LUIS JESUS
32244565,HENRIQUEZ PAREDES PAUL RAFAEL
34248357,LEYVA LANDEO NANCY SONIA
34976629,LOZADA ARGUEDAS FELICITA VALENTINA
35297848,ASTETE CHANG GUIDA
35671623,EPIQUEN YEP GUIDA VICTORIA
35683701,DIAZ MOYA ELIA ANNIE
35912665,MARTINEZ CRUZ EVERT RONY
36079131,ZAVALETA VILCA ERICKA ELEONOR
37080813,FLORIAN VALDERRAMA JOSE
38862473,WONG MAEIREIZO BEATRIZ
39244942,PENA SUAREZ GLENDA MARGOT
39544560,LUNA VARGAS WALDEMAR
42956681,POMAJAMBO EGUSQUIZA PAUL
43454884,ESPINOZA CHANG SHIRLEY
44188994,VILCARA YALLICO MAGALI
44346371,ALFARO ALFARO ERICK BRUNO
45043076,VEGA VILCARA CARMELA TERESA
47528229,SAAVEDRA GONZALES WILMER
47844324,VILCA LEE NESTOR HUGO
48450395,RAMIREZ ASTETE KARINA ESTEFANIA
48528209,ZAVALETA CORONADO FELICITA ELOISA
48878256,RAFFO CORONADO ROLANDO
49428502,RIVERO CORTEZ WILVER ALFONSO
49927087,INGA PALOMARES ERIKA
50200823,LEYVA SAM DIANA DELIA
50201756,ZEGARRA PENA CARMELA
51395324,TRIGUEROS PORTUGAL ARTURO FAUSTO
51929951,CHAVEZ BERROCAL JOHAN
52002275,CASANOVA ZEGARRA MARITZA
52003695,CARBAJAL SALAS MAGDA ZKENIA
53374153,SERRANO IBEROS FRANCISCO
53853385,SOLIS NARVAEZ MARIA MADELEINE
54141214,DURAND MIRANDA MIGUEL JUAN
54447051,AVILA DEL CASTILLO ANNIE
54665716,GONZALES GAMARRA GIOVANA KARINA
58992942,NARVAEZ CASTILLO JESUS RAFAEL
60335381,DIAZ TANG ENRIQUE
60784914,RUIZ ZEVALLOS WALTER RONY
63291514,LAU ZAVALETA YDALI ELIA
63736112,ZAMORA ZAVALETA RONAL MANUEL
64178096,VIZCARRA CARBAJAL IVAN FAUSTO
64532449,INFANTES MERCADO LUIS WALDEMAR
66849703,MERCADO CORONEL ELIA
67185679,FLORENCIO CORONADO ALONSO
68303148,PATINO BOLANOS DELICIA VIRGINIA
68310808,CANO POLO MILAGROS ISABEL
69252518,GORDILLO SANCHEZ RONALD JUVENAL
69494747,MENDOZA ROMERO VIRGINIA YDALI
70414420,AVILA REYES TATIANA
71578206,ARROYO TOMASICHE NATALIA
71832810,SUELDO SEDANO ADRIA
73357516,TRIGUEROS JUGO LUZ
73567806,ARCA SANCHEZ MAGALI BEATRIZ
73818744,FUENTES GAMARRA HUGO
73972114,AVILA MARTEL JAIME MANUEL
74325123,TANG MOSCOSO JOHANA
75348522,LOZADA FORZANI DELIA
75945248,MEJIA RODRIGUEZ INES VALENTINA
77367073,JAUREGUI DEL CASTILLO VICTOR RICARDO
77763722,FARFAN SALAZAR MARGOT
79641328,TOKESHI GUEVARA JAIME
79672079,CONTRERAS CHANG JOHANA CINTHIA
79766395,FUENTES ESCALANTE PATRICIA ELIZABETH
80310768,MINAYA BERROCAL HELI
80457845,NORABUENA MOYA HECTOR
81485316,JUSTINO MARTINEZ ENRIQUE
81528434,EPIQUEN AVILA ENRIQUE
81799482,CERNA CERNA CINTHIA
82031355,EGUSQUIZA BERROCAL DORIS NANCY
82870470,SEDANO RETAMOSO ELIA YOLANDA
84186239,RIVERO CORONADO HECTOR ALONSO
85501710,VIZCARDO SINCHE MARIBEL
86429854,MOSCOSO LAURA JANET VALENTINA
86718074,ESCALANTE ROJAS INES ADRIA
87282766,SUAREZ CHANG GLORIA
87495937,MORALES PASQUEL KARIN MARIBEL
88167677,PRADO VERA JUAN
88854166,PINTO ROJAS JUVENAL FRANCISCO
89314225,RIOS DURAND CARLOS EDILBERTO
89941095,ARCA LARRIEGA LUCERO YLIANA
90467829,IPARRAGUIRRE PEREZ NICOLAS
96693273,VALDERRAMA BERROCAL EVERT
97849227,PRADO ESPINOZA MILAGROS
99950484,CORTES CORTEZ RAUL ALEX
